[
"NATIONAL",
"Aldridge-Brownhills",
"Altrincham and Sale West",
"Amber Valley",
"Arundel and South Downs",
"Ashfield",
"Ashford",
"Ashton-under-Lyne",
"Aylesbury",
"Banbury",
"Barking",
"Barnsley Central",
"Barnsley East",
"Barrow and Furness",
"Basildon and Billericay",
"Basingstoke",
"Bassetlaw",
"Bath",
"Batley and Spen",
"Battersea",
"Beaconsfield",
"Beckenham",
"Bedford",
"Bermondsey and Old Southwark",
"Berwick-upon-Tweed",
"Bethnal Green and Bow",
"Beverley and Holderness",
"Bexhill and Battle",
"Bexleyheath and Crayford",
"Birkenhead",
"Birmingham, Edgbaston",
"Birmingham, Erdington",
"Birmingham, Hall Green",
"Birmingham, Hodge Hill",
"Birmingham, Ladywood",
"Birmingham, Northfield",
"Birmingham, Perry Barr",
"Birmingham, Selly Oak",
"Birmingham, Yardley",
"Bishop Auckland",
"Blackburn",
"Blackpool North and Cleveleys",
"Blackpool South",
"Blackley and Broughton",
"Blaydon",
"Blyth Valley",
"Bognor Regis and Littlehampton",
"Bolsover",
"Bolton North East",
"Bolton South East",
"Bolton West",
"Bootle",
"Boston and Skegness",
"Bosworth",
"Bournemouth East",
"Bournemouth West",
"Bracknell",
"Bradford East",
"Bradford South",
"Bradford West",
"Braintree",
"Brent Central",
"Brent North",
"Brentford and Isleworth",
"Brentwood and Ongar",
"Bridgwater and West Somerset",
"Brigg and Goole",
"Brighton, Kemptown",
"Brighton, Pavilion",
"Bristol East",
"Bristol North West",
"Bristol South",
"Bristol West",
"Broadland",
"Bromley and Chislehurst",
"Bromsgrove",
"Broxbourne",
"Broxtowe",
"Buckingham",
"Burnley",
"Burton",
"Bury North",
"Bury South",
"Bury St Edmunds",
"Calder Valley",
"Camberwell and Peckham",
"Camborne and Redruth",
"Cambridge",
"Cannock Chase",
"Canterbury",
"Carlisle",
"Carshalton and Wallington",
"Castle Point",
"Central Devon",
"Central Suffolk and North Ipswich",
"Charnwood",
"Chatham and Aylesford",
"Cheadle",
"Chelmsford",
"Chelsea and Fulham",
"Cheltenham",
"Chesham and Amersham",
"Chesterfield",
"Chichester",
"Chingford and Woodford Green",
"Chippenham",
"Chipping Barnet",
"Chorley",
"Christchurch",
"Cities of London and Westminster",
"City of Chester",
"City of Durham",
"Clacton",
"Cleethorpes",
"Colchester",
"Colne Valley",
"Congleton",
"Copeland",
"Corby",
"Coventry North East",
"Coventry North West",
"Coventry South",
"Crawley",
"Crewe and Nantwich",
"Croydon Central",
"Croydon North",
"Croydon South",
"Dagenham and Rainham",
"Darlington",
"Dartford",
"Daventry",
"Denton and Reddish",
"Derby North",
"Derby South",
"Derbyshire Dales",
"Devizes",
"Dewsbury",
"Don Valley",
"Doncaster Central",
"Doncaster North",
"Dover",
"Dudley North",
"Dudley South",
"Dulwich and West Norwood",
"Ealing Central and Acton",
"Ealing North",
"Ealing, Southall",
"Easington",
"East Devon",
"East Ham",
"East Hampshire",
"East Surrey",
"East Worthing and Shoreham",
"East Yorkshire",
"Eastbourne",
"Eastleigh",
"Eddisbury",
"Edmonton",
"Ellesmere Port and Neston",
"Elmet and Rothwell",
"Eltham",
"Enfield North",
"Enfield, Southgate",
"Epping Forest",
"Epsom and Ewell",
"Erewash",
"Erith and Thamesmead",
"Esher and Walton",
"Exeter",
"Fareham",
"Faversham and Mid Kent",
"Feltham and Heston",
"Filton and Bradley Stoke",
"Finchley and Golders Green",
"Folkestone and Hythe",
"Forest of Dean",
"Fylde",
"Gainsborough",
"Garston and Halewood",
"Gateshead",
"Gedling",
"Gillingham and Rainham",
"Gloucester",
"Gosport",
"Grantham and Stamford",
"Gravesham",
"Great Grimsby",
"Great Yarmouth",
"Greenwich and Woolwich",
"Guildford",
"Hackney North and Stoke Newington",
"Hackney South and Shoreditch",
"Halesowen and Rowley Regis",
"Halifax",
"Haltemprice and Howden",
"Halton",
"Hammersmith",
"Hampstead and Kilburn",
"Harborough",
"Harlow",
"Harrogate and Knaresborough",
"Harrow East",
"Harrow West",
"Hartlepool",
"Harwich and North Essex",
"Hastings and Rye",
"Havant",
"Hayes and Harlington",
"Hazel Grove",
"Hemel Hempstead",
"Hemsworth",
"Hendon",
"Henley",
"Hereford and South Herefordshire",
"Hertford and Stortford",
"Hertsmere",
"Hexham",
"Heywood and Middleton",
"High Peak",
"Hitchin and Harpenden",
"Holborn and St Pancras",
"Hornchurch and Upminster",
"Hornsey and Wood Green",
"Horsham",
"Houghton and Sunderland South",
"Hove",
"Huddersfield",
"Huntingdon",
"Hyndburn",
"Ilford North",
"Ilford South",
"Ipswich",
"Isle of Wight",
"Islington North",
"Islington South and Finsbury",
"Jarrow",
"Keighley",
"Kenilworth and Southam",
"Kensington",
"Kettering",
"Kingston and Surbiton",
"Kingston upon Hull East",
"Kingston upon Hull North",
"Kingston upon Hull West and Hessle",
"Kingswood",
"Knowsley",
"Lancaster and Fleetwood",
"Leeds Central",
"Leeds East",
"Leeds North East",
"Leeds North West",
"Leeds West",
"Leicester East",
"Leicester South",
"Leicester West",
"Leigh",
"Lewes",
"Lewisham, Deptford",
"Lewisham East",
"Lewisham West and Penge",
"Leyton and Wanstead",
"Lichfield",
"Lincoln",
"Liverpool, Riverside",
"Liverpool, Walton",
"Liverpool, Wavertree",
"Liverpool, West Derby",
"Loughborough",
"Louth and Horncastle",
"Ludlow",
"Luton North",
"Luton South",
"Macclesfield",
"Maidenhead",
"Maidstone and The Weald",
"Makerfield",
"Maldon",
"Manchester Central",
"Manchester, Gorton",
"Manchester, Withington",
"Mansfield",
"Meon Valley",
"Meriden",
"Mid Bedfordshire",
"Mid Derbyshire",
"Mid Dorset and North Poole",
"Mid Norfolk",
"Mid Sussex",
"Mid Worcestershire",
"Middlesbrough",
"Middlesbrough South and East Cleveland",
"Milton Keynes North",
"Milton Keynes South",
"Mitcham and Morden",
"Mole Valley",
"Morecambe and Lunesdale",
"Morley and Outwood",
"New Forest East",
"New Forest West",
"Newark",
"Newbury",
"Newcastle-under-Lyme",
"Newcastle upon Tyne Central",
"Newcastle upon Tyne East",
"Newcastle upon Tyne North",
"Newton Abbot",
"Normanton, Pontefract and Castleford",
"North Cornwall",
"North Devon",
"North Dorset",
"North Durham",
"North East Bedfordshire",
"North East Cambridgeshire",
"North East Derbyshire",
"North East Hampshire",
"North East Hertfordshire",
"North East Somerset",
"North Herefordshire",
"North Norfolk",
"North Shropshire",
"North Somerset",
"North Swindon",
"North Thanet",
"North Tyneside",
"North Warwickshire",
"North West Cambridgeshire",
"North West Durham",
"North West Hampshire",
"North West Leicestershire",
"North West Norfolk",
"North Wiltshire",
"Northampton North",
"Northampton South",
"Norwich North",
"Norwich South",
"Nottingham East",
"Nottingham North",
"Nottingham South",
"Nuneaton",
"Old Bexley and Sidcup",
"Oldham East and Saddleworth",
"Oldham West and Royton",
"Orpington",
"Oxford East",
"Oxford West and Abingdon",
"Pendle",
"Penistone and Stocksbridge",
"Penrith and The Border",
"Peterborough",
"Plymouth, Moor View",
"Plymouth, Sutton and Devonport",
"Poole",
"Poplar and Limehouse",
"Portsmouth North",
"Portsmouth South",
"Preston",
"Pudsey",
"Putney",
"Rayleigh and Wickford",
"Reading East",
"Reading West",
"Redcar",
"Redditch",
"Reigate",
"Ribble Valley",
"Richmond (Yorks)",
"Richmond Park",
"Rochdale",
"Rochester and Strood",
"Rochford and Southend East",
"Romford",
"Romsey and Southampton North",
"Rossendale and Darwen",
"Rother Valley",
"Rotherham",
"Rugby",
"Ruislip, Northwood and Pinner",
"Runnymede and Weybridge",
"Rushcliffe",
"Rutland and Melton",
"Saffron Walden",
"Salisbury",
"Salford and Eccles",
"Scarborough and Whitby",
"Scunthorpe",
"Sedgefield",
"Sefton Central",
"Selby and Ainsty",
"Sevenoaks",
"Sheffield, Brightside and Hillsborough",
"Sheffield Central",
"Sheffield, Hallam",
"Sheffield, Heeley",
"Sheffield South East",
"Sherwood",
"Shipley",
"Shrewsbury and Atcham",
"Sittingbourne and Sheppey",
"Skipton and Ripon",
"Sleaford and North Hykeham",
"Slough",
"Solihull",
"Somerton and Frome",
"South Basildon and East Thurrock",
"South Cambridgeshire",
"South Derbyshire",
"South Dorset",
"South East Cambridgeshire",
"South East Cornwall",
"South Holland and The Deepings",
"South Leicestershire",
"South Norfolk",
"South Northamptonshire",
"South Ribble",
"South Shields",
"South Staffordshire",
"South Suffolk",
"South Swindon",
"South Thanet",
"South West Bedfordshire",
"South West Devon",
"South West Hertfordshire",
"South West Norfolk",
"South West Surrey",
"South West Wiltshire",
"Southampton, Itchen",
"Southampton, Test",
"Southend West",
"Southport",
"Spelthorne",
"St Albans",
"St Austell and Newquay",
"St Helens North",
"St Helens South and Whiston",
"St Ives",
"Stafford",
"Staffordshire Moorlands",
"Stalybridge and Hyde",
"Stevenage",
"Stockport",
"Stockton North",
"Stockton South",
"Stoke-on-Trent Central",
"Stoke-on-Trent North",
"Stoke-on-Trent South",
"Stone",
"Stourbridge",
"Stratford-on-Avon",
"Streatham",
"Stretford and Urmston",
"Stroud",
"Suffolk Coastal",
"Sunderland Central",
"Surrey Heath",
"Sutton and Cheam",
"Sutton Coldfield",
"Tamworth",
"Tatton",
"Taunton Deane",
"Telford",
"Tewkesbury",
"The Cotswolds",
"The Wrekin",
"Thirsk and Malton",
"Thornbury and Yate",
"Thurrock",
"Tiverton and Honiton",
"Tonbridge and Malling",
"Tooting",
"Torbay",
"Torridge and West Devon",
"Totnes",
"Tottenham",
"Truro and Falmouth",
"Tunbridge Wells",
"Twickenham",
"Tynemouth",
"Uxbridge and South Ruislip",
"Vauxhall",
"Wakefield",
"Wallasey",
"Walsall North",
"Walsall South",
"Walthamstow",
"Wansbeck",
"Wantage",
"Warley",
"Warrington North",
"Warrington South",
"Warwick and Leamington",
"Washington and Sunderland West",
"Watford",
"Waveney",
"Wealden",
"Weaver Vale",
"Wellingborough",
"Wells",
"Welwyn Hatfield",
"Wentworth and Dearne",
"West Bromwich East",
"West Bromwich West",
"West Dorset",
"West Ham",
"West Lancashire",
"West Suffolk",
"West Worcestershire",
"Westminster North",
"Westmorland and Lonsdale",
"Weston-Super-Mare",
"Wigan",
"Wimbledon",
"Winchester",
"Windsor",
"Wirral South",
"Wirral West",
"Witham",
"Witney",
"Woking",
"Wokingham",
"Wolverhampton North East",
"Wolverhampton South East",
"Wolverhampton South West",
"Worcester",
"Workington",
"Worsley and Eccles South",
"Worthing West",
"Wycombe",
"Wyre and Preston North",
"Wyre Forest",
"Wythenshawe and Sale East",
"Yeovil",
"York Central",
"York Outer",
"Constituency",
"Aberdeen North",
"Aberdeen South",
"Airdrie and Shotts",
"Angus",
"Argyll and Bute",
"Ayr, Carrick and Cumnock",
"Banff and Buchan",
"Berwickshire, Roxburgh and Selkirk",
"Caithness, Sutherland and Easter Ross",
"Central Ayrshire",
"Coatbridge, Chryston and Bellshill",
"Cumbernauld, Kilsyth and Kirkintilloch East",
"Dumfries and Galloway",
"Dumfriesshire, Clydesdale and Tweeddale",
"Dundee East",
"Dundee West",
"Dunfermline and West Fife",
"East Dunbartonshire",
"East Kilbride, Strathaven and Lesmahagow",
"East Lothian",
"East Renfrewshire",
"Edinburgh East",
"Edinburgh North and Leith",
"Edinburgh South",
"Edinburgh South West",
"Edinburgh West",
"Falkirk",
"Glasgow Central",
"Glasgow East",
"Glasgow North",
"Glasgow North East",
"Glasgow North West",
"Glasgow South",
"Glasgow South West",
"Glenrothes",
"Gordon",
"Inverclyde",
"Inverness, Nairn, Badenoch and Strathspey",
"Kilmarnock and Loudoun",
"Kirkcaldy and Cowdenbeath",
"Lanark and Hamilton East",
"Linlithgow and East Falkirk",
"Livingston",
"Midlothian",
"Moray",
"Motherwell and Wishaw",
"Na h-Eileanan an Iar",
"North Ayrshire and Arran",
"North East Fife",
"Ochil and South Perthshire",
"Orkney and Shetland",
"Paisley and Renfrewshire North",
"Paisley and Renfrewshire South",
"Perth and North Perthshire",
"Ross, Skye and Lochaber",
"Rutherglen and Hamilton West",
"Stirling",
"West Aberdeenshire and Kincardine",
"West Dunbartonshire",
"Constituency",
"Aberavon",
"Aberconwy",
"Alyn and Deeside",
"Arfon",
"Blaenau Gwent",
"Brecon and Radnorshire",
"Bridgend",
"Caerphilly",
"Cardiff Central",
"Cardiff North",
"Cardiff South and Penarth",
"Cardiff West",
"Carmarthen East and Dinefwr",
"Carmarthen West and South Pembrokeshire",
"Ceredigion",
"Clwyd South",
"Clwyd West",
"Cynon Valley",
"Delyn",
"Dwyfor Meirionnydd",
"Gower",
"Islwyn",
"Llanelli",
"Merthyr Tydfil and Rhymney",
"Monmouth",
"Montgomeryshire",
"Neath",
"Newport East",
"Newport West",
"Ogmore",
"Pontypridd",
"Preseli Pembrokeshire",
"Rhondda",
"Swansea East",
"Swansea West",
"Torfaen",
"Vale of Clwyd",
"Vale of Glamorgan",
"Wrexham",
"Ynys Môn",
"Hampshire",
"West Midlands",
"Greater Manchester",
"Derbyshire",
"West Sussex",
"Nottinghamshire",
"Kent",
"Greater Manchester",
"Buckinghamshire",
"Oxfordshire",
"London (Barking and Dagenham)",
"South Yorkshire",
"South Yorkshire",
"Cumbria",
"Essex",
"Hampshire",
"Nottinghamshire",
"Somerset",
"West Yorkshire (Kirklees)",
"London (Wandsworth)",
"Buckinghamshire",
"London (Bromley)",
"Bedfordshire",
"London (Southwark)",
"Northumberland",
"London (Tower Hamlets)",
"East Riding of Yorkshire & Lincolnshire",
"East Sussex",
"London (Bexley)",
"Merseyside",
"West Midlands",
"West Midlands",
"West Midlands",
"West Midlands",
"West Midlands",
"West Midlands",
"West Midlands",
"West Midlands",
"West Midlands",
"County Durham",
"Lancashire",
"Lancashire",
"Lancashire",
"Greater Manchester",
"Tyne and Wear",
"Northumberland",
"West Sussex",
"Derbyshire",
"Greater Manchester",
"Greater Manchester",
"Greater Manchester",
"Merseyside",
"Lincolnshire",
"Leicestershire",
"Dorset",
"Dorset",
"Berkshire",
"West Yorkshire (Bradford)",
"West Yorkshire (Bradford)",
"West Yorkshire (Bradford)",
"Essex",
"London (Brent)",
"London (Brent)",
"London (Hounslow)",
"Essex",
"Somerset",
"East Riding of Yorkshire & Lincolnshire",
"East Sussex",
"East Sussex",
"Bristol",
"Bristol",
"Bristol",
"Bristol",
"Norfolk",
"London (Bromley)",
"Worcestershire",
"Hertfordshire",
"Nottinghamshire",
"Buckinghamshire",
"Lancashire",
"Staffordshire",
"Greater Manchester",
"Greater Manchester",
"Suffolk",
"West Yorkshire (Calderdale)",
"London (Southwark)",
"Cornwall",
"Cambridgeshire",
"Staffordshire",
"Kent",
"Cumbria",
"London (Sutton)",
"Essex",
"Devon",
"Suffolk",
"Leicestershire",
"Kent",
"Greater Manchester",
"Essex",
"London (Hammersmith and Fulham and Kensington and Chelsea)",
"Gloucestershire",
"Buckinghamshire",
"Derbyshire",
"West Sussex",
"London (Redbridge and Waltham Forest)",
"Wiltshire",
"London (Barnet)",
"Lancashire",
"Dorset",
"London (City and Westminster)",
"Cheshire",
"County Durham",
"Essex",
"East Riding of Yorkshire & Lincolnshire",
"Essex",
"West Yorkshire (Kirklees)",
"Cheshire",
"Cumbria",
"Northamptonshire",
"West Midlands",
"West Midlands",
"West Midlands",
"West Sussex",
"Cheshire",
"London (Croydon)",
"London (Croydon)",
"London (Croydon)",
"London (Barking and Dagenham and Havering)",
"County Durham",
"Kent",
"Northamptonshire",
"Greater Manchester",
"Derbyshire",
"Derbyshire",
"Derbyshire",
"Wiltshire",
"West Yorkshire (Kirklees)",
"South Yorkshire",
"South Yorkshire",
"South Yorkshire",
"Kent",
"West Midlands",
"West Midlands",
"London (Lambeth and Southwark)",
"London (Ealing)",
"London (Ealing)",
"London (Ealing)",
"County Durham",
"Devon",
"London (Newham)",
"Hampshire",
"Surrey",
"West Sussex",
"East Riding of Yorkshire & Lincolnshire",
"East Sussex",
"Hampshire",
"Cheshire",
"London (Enfield)",
"Cheshire",
"West Yorkshire (Leeds)",
"London (Greenwich)",
"London (Enfield)",
"London (Enfield)",
"Essex",
"Surrey",
"Derbyshire",
"London (Bexley and Greenwich)",
"Surrey",
"Devon",
"Hampshire",
"Kent",
"London (Hounslow)",
"Gloucestershire",
"London (Barnet)",
"Kent",
"Gloucestershire",
"Lancashire",
"Lincolnshire",
"Merseyside",
"Tyne and Wear",
"Nottinghamshire",
"Kent",
"Gloucestershire",
"Hampshire",
"Lincolnshire",
"Kent",
"East Riding of Yorkshire & Lincolnshire",
"Norfolk",
"London (Greenwich)",
"Surrey",
"London (Hackney)",
"London (Hackney)",
"West Midlands",
"West Yorkshire (Calderdale)",
"East Riding of Yorkshire & Lincolnshire",
"Cheshire",
"London (Hammersmith and Fulham",
"London (Brent and Camden)",
"Leicestershire",
"Essex",
"North Yorkshire",
"London (Harrow)",
"London (Harrow)",
"County Durham and North Yorkshire",
"Essex",
"East Sussex",
"Hampshire",
"London (Hillingdon)",
"Greater Manchester",
"Hertfordshire",
"West Yorkshire (Wakefield)",
"London (Barnet)",
"Oxfordshire",
"Herefordshire",
"Hertfordshire",
"Hertfordshire",
"Northumberland",
"Greater Manchester",
"Derbyshire",
"Hertfordshire",
"London (Camden)",
"London (Havering)",
"London (Haringey)",
"West Sussex",
"Tyne and Wear",
"East Sussex",
"West Yorkshire (Kirklees)",
"Cambridgeshire",
"Lancashire",
"London (Redbridge)",
"London (Redbridge)",
"Suffolk",
"Isle of Wight",
"London (Islington)",
"London (Islington)",
"Tyne and Wear",
"West Yorkshire (Bradford)",
"Warwickshire",
"London (Kensington and Chelsea)",
"Northamptonshire",
"London (Kingston upon Thames)",
"East Riding of Yorkshire & Lincolnshire",
"East Riding of Yorkshire & Lincolnshire",
"East Riding of Yorkshire & Lincolnshire",
"Gloucestershire",
"Merseyside",
"Lancashire",
"West Yorkshire (Leeds)",
"West Yorkshire (Leeds)",
"West Yorkshire (Leeds)",
"West Yorkshire (Leeds)",
"West Yorkshire (Leeds)",
"Leicestershire",
"Leicestershire",
"Leicestershire",
"Greater Manchester",
"East Sussex",
"London (Lewisham)",
"London (Lewisham)",
"London (Bromley and Lewisham)",
"London (Redbridge and Waltham Forest)",
"Staffordshire",
"Lincolnshire",
"Merseyside",
"Merseyside",
"Merseyside",
"Merseyside",
"Leicestershire",
"Lincolnshire",
"Shropshire",
"Bedfordshire",
"Bedfordshire",
"Cheshire",
"Berkshire",
"Kent",
"Greater Manchester",
"Essex",
"Greater Manchester",
"Greater Manchester",
"Greater Manchester",
"Nottinghamshire",
"Hampshire",
"West Midlands",
"Bedfordshire",
"Derbyshire",
"Dorset",
"Norfolk",
"West Sussex",
"Worcestershire",
"County Durham and North Yorkshire",
"County Durham and North Yorkshire",
"Buckinghamshire",
"Buckinghamshire",
"London (Merton)",
"Surrey",
"Lancashire",
"West Yorkshire (Leeds and Wakefield)",
"Hampshire",
"Hampshire",
"Nottinghamshire",
"Berkshire",
"Staffordshire",
"Tyne and Wear",
"Tyne and Wear",
"Tyne and Wear",
"Devon",
"West Yorkshire (Wakefield)",
"Cornwall",
"Devon",
"Dorset",
"County Durham",
"Bedfordshire",
"Cambridgeshire",
"Derbyshire",
"Hampshire",
"Hertfordshire",
"Somerset",
"Herefordshire",
"Norfolk",
"Shropshire",
"Somerset",
"Wiltshire",
"Kent",
"Tyne and Wear",
"Warwickshire",
"Cambridgeshire",
"County Durham",
"Hampshire",
"Leicestershire",
"Norfolk",
"Wiltshire",
"Northamptonshire",
"Northamptonshire",
"Norfolk",
"Norfolk",
"Nottinghamshire",
"Nottinghamshire",
"Nottinghamshire",
"Warwickshire",
"London (Bexley)",
"Greater Manchester",
"Greater Manchester",
"London (Bromley)",
"Oxfordshire",
"Oxfordshire",
"Lancashire",
"South Yorkshire",
"Cumbria",
"Cambridgeshire",
"Devon",
"Devon",
"Dorset",
"London (Tower Hamlets)",
"Hampshire",
"Hampshire",
"Lancashire",
"West Yorkshire (Leeds)",
"London (Wandsworth)",
"Essex",
"Berkshire",
"Berkshire",
"County Durham and North Yorkshire",
"Worcestershire",
"Surrey",
"Lancashire",
"North Yorkshire",
"London (Kingston upon Thames and Richmond upon Thames)",
"Greater Manchester",
"Kent",
"Essex",
"London (Havering)",
"Hampshire",
"Lancashire",
"South Yorkshire",
"South Yorkshire",
"Warwickshire",
"London (Harrow and Hillingdon)",
"Surrey",
"Nottinghamshire",
"Leicestershire and Rutland",
"Essex",
"Wiltshire",
"Greater Manchester",
"North Yorkshire",
"East Riding of Yorkshire & Lincolnshire",
"County Durham",
"Merseyside",
"North Yorkshire",
"Kent",
"South Yorkshire",
"South Yorkshire",
"South Yorkshire",
"South Yorkshire",
"South Yorkshire",
"Nottinghamshire",
"West Yorkshire (Bradford)",
"Shropshire",
"Kent",
"North Yorkshire",
"Lincolnshire",
"Berkshire",
"West Midlands",
"Somerset",
"Essex",
"Cambridgeshire",
"Derbyshire",
"Dorset",
"Cambridgeshire",
"Cornwall",
"Lincolnshire",
"Leicestershire",
"Norfolk",
"Northamptonshire",
"Lancashire",
"Tyne and Wear",
"Staffordshire",
"Suffolk",
"Wiltshire",
"Kent",
"Bedfordshire",
"Devon",
"Hertfordshire",
"Norfolk",
"Surrey",
"Wiltshire",
"Hampshire",
"Hampshire",
"Essex",
"Merseyside",
"Surrey",
"Hertfordshire",
"Cornwall",
"Merseyside",
"Merseyside",
"Cornwall",
"Staffordshire",
"Staffordshire",
"Greater Manchester",
"Hertfordshire",
"Greater Manchester",
"County Durham and North Yorkshire",
"County Durham and North Yorkshire",
"Staffordshire",
"Staffordshire",
"Staffordshire",
"Staffordshire",
"West Midlands",
"Warwickshire",
"London (Lambeth)",
"Greater Manchester",
"Gloucestershire",
"Suffolk",
"Tyne and Wear",
"Surrey",
"London (Sutton)",
"West Midlands",
"Staffordshire",
"Cheshire",
"Somerset",
"Shropshire",
"Gloucestershire",
"Gloucestershire",
"Shropshire",
"North Yorkshire",
"Gloucestershire",
"Essex",
"Devon",
"Kent",
"London (Wandsworth)",
"Devon",
"Devon",
"Devon",
"London (Haringey)",
"Cornwall",
"Kent",
"London (Richmond upon Thames)",
"Tyne and Wear",
"London (Hillingdon)",
"London (Lambeth)",
"West Yorkshire (Wakefield)",
"Merseyside",
"West Midlands",
"West Midlands",
"London (Waltham Forest)",
"Northumberland",
"Oxfordshire",
"West Midlands",
"Cheshire",
"Cheshire",
"Warwickshire",
"Tyne and Wear",
"Hertfordshire",
"Suffolk",
"East Sussex",
"Cheshire",
"Northamptonshire",
"Somerset",
"Hertfordshire",
"South Yorkshire",
"West Midlands",
"West Midlands",
"Dorset",
"London (Newham)",
"Lancashire",
"Suffolk",
"Worcestershire",
"London (Westminster)",
"Cumbria",
"Somerset",
"Greater Manchester",
"London (Merton)",
"Hampshire",
"Berkshire",
"Merseyside",
"Merseyside",
"Essex",
"Oxfordshire",
"Surrey",
"Berkshire",
"West Midlands",
"West Midlands",
"West Midlands",
"Worcestershire",
"Cumbria",
"Greater Manchester",
"West Sussex",
"Buckinghamshire",
"Lancashire",
"Worcestershire",
"Greater Manchester",
"Somerset",
"North Yorkshire",
"North Yorkshire",
"Council area",
"Aberdeen City",
"Aberdeen City",
"North Lanarkshire",
"Angus",
"Argyll and Bute",
"East Ayrshire and South Ayrshire",
"Aberdeenshire",
"Scottish Borders",
"Highland",
"North Ayrshire and South Ayrshire",
"North Lanarkshire",
"East Dunbartonshire and North Lanarkshire",
"Dumfries and Galloway",
"Dumfries and Galloway, Scottish Borders and South Lanarkshire",
"Angus and Dundee City",
"Angus and Dundee City",
"Fife",
"East Dunbartonshire",
"South Lanarkshire",
"East Lothian",
"East Renfrewshire",
"City of Edinburgh",
"City of Edinburgh",
"City of Edinburgh",
"City of Edinburgh",
"City of Edinburgh",
"Falkirk",
"Glasgow City",
"Glasgow City",
"Glasgow City",
"Glasgow City",
"Glasgow City",
"Glasgow City",
"Glasgow City",
"Fife",
"Aberdeenshire",
"Inverclyde",
"Highland",
"East Ayrshire",
"Fife",
"South Lanarkshire",
"West Lothian and Falkirk",
"West Lothian",
"Midlothian",
"Moray",
"North Lanarkshire",
"Outer Hebrides",
"North Ayrshire",
"Fife",
"Clackmannanshire and Perth and Kinross",
"Orkney Islands and Shetland Islands",
"Renfrewshire",
"Renfrewshire",
"Perth and Kinross",
"Highland",
"South Lanarkshire",
"Stirling",
"Aberdeenshire",
"West Dunbartonshire",
"Largest ceremonial county\nor council area",
"Neath Port Talbot",
"Denbighshire",
"Flintshire; Wrexham",
"Gwynedd",
"Blaenau Gwent",
"Powys",
"Bridgend",
"Caerphilly; Newport",
"Cardiff",
"Cardiff",
"Cardiff",
"Cardiff",
"Carmarthenshire",
"Carmarthenshire; Pembrokeshire",
"Ceredigion",
"Denbighshire; Wrexham",
"Conwy; Denbighshire",
"Rhondda Cynon Taf",
"Conwy; Flintshire",
"Gwynedd",
"Swansea",
"Caerphilly",
"Carmarthenshire; Swansea",
"Caerphilly; Merthyr Tydfil",
"Monmouthshire",
"Powys",
"Neath Port Talbot",
"Newport",
"Newport",
"Rhondda Cynon Taf",
"Rhondda Cynon Taf",
"Pembrokeshire",
"Rhondda Cynon Taf",
"Swansea",
"Swansea",
"Torfaen",
"Denbighshire",
"Vale of Glamorgan",
"Wrexham",
"Isle of Anglesey"
]
